st_code,di_code,districts,state,mean_monthly_avg_rd_MD,mean_monthly_avg_rd_MN,prep_year,precip_sum_mm,precip_mean_mm,mean_tmax
36,501,adilabad,telangana,0.808605625,0.743530562,2024,288.7385864,57.74771729,31.98519193
23,667,agar malwa,madhya pradesh,0.89962857,0.896884662,2024,282.9464111,56.58928223,30.929334
9,118,agra,uttar pradesh,2.711560973,2.685020437,2024,130.1307373,43.37691243,30.88600328
27,466,ahamadnagar,maharashtra,1.554661914,1.38241766,2024,1069.163086,48.59832209,30.88446723
24,438,ahmadabad,gujarat,3.855509183,3.621733668,2024,462.4945374,42.04495794,33.29485596
15,261,aizawl,mizoram,0.501712022,0.478284866,2024,526.8280029,87.80466715,27.56618827
8,86,ajmer,rajasthan,1.536614959,1.499286769,2024,533.2705688,35.55137126,31.38871413
27,467,akola,maharashtra,1.165843615,1.015186376,2024,432.5529785,61.79328265,31.38332591
32,554,alappuzha,kerala,2.059937714,1.706266435,2024,276.7258301,138.362915,29.54330444
9,119,aligarh,uttar pradesh,2.152397395,2.139074447,2024,284.1051636,47.3508606,30.4400613
19,664,alipur duar,west bengal,0.859103168,0.790128515,2024,692.3040161,138.4608032,28.00414429
23,639,alirajpur,madhya pradesh,0.700017758,0.69416958,2024,315.5603027,63.11206055,31.00317852
5,45,almora,uttarakhand,0.669174292,0.725284508,2024,500.2491455,100.0498291,22.49306077
8,87,alwar,rajasthan,1.854763651,1.833180739,2024,469.6452637,33.54609026,30.61062256
27,468,amaravati,maharashtra,0.947492704,0.834669213,2024,1044.84082,65.30255127,30.94952196
6,58,ambala,haryana,3.531496366,3.466877678,2024,85.42203522,42.71101761,29.42024536
9,121,ambedkarnagar,uttar pradesh,1.562011076,1.557176921,2024,180.5809937,60.19366455,30.79881592
9,640,amethi,uttar pradesh,1.637453434,1.609956827,2024,176.7085266,44.17713165,30.85205587
24,439,amreli,gujarat,0.883666161,0.869470609,2024,441.0593262,44.10593262,31.62586612
3,27,amritsar,punjab,3.530938817,3.449568679,2024,61.17891312,30.58945656,29.81329854
9,154,amroha,uttar pradesh,2.013900124,1.963152029,2024,127.5559616,42.51865387,29.5133445
24,440,anand,gujarat,1.895058277,1.823312819,2024,279.9919739,55.99839478,32.56336153
28,502,anantapur,andhra pradesh,0.76024535,0.731127253,2024,1070.532349,41.1743211,32.43698629
1,1,anantnag,jammu & kashmir,0.726248319,0.718857411,2024,128.1801758,42.72672526,10.64085943
12,628,anjaw,arunachal pradesh,0.317809597,0.305203154,2024,1323.864136,132.3864136,12.54131622
21,344,anugul,odisha,1.401816548,1.397120908,2024,772.8688354,77.28688354,31.00691833
23,390,anuppur,madhya pradesh,0.916962335,0.898405585,2024,305.1463623,61.02927246,29.190271
10,188,araria,bihar,1.177265261,1.138329817,2024,286.2587891,71.56469727,30.07146962
24,672,aravalli,gujarat,0.968309016,0.928327137,2024,201.8884583,40.37769165,31.70432692
33,610,ariyalur,tamil nadu,1.735024875,1.646532794,2024,155.6645508,51.88818359,32.92211914
10,611,arwal,bihar,1.547560054,1.456946871,2024,49.58879852,49.58879852,31.11027718
23,391,ashoknagar,madhya pradesh,0.799755911,0.760302667,2024,354.2744751,59.04574585,30.44100749
9,122,auraiya,uttar pradesh,2.118351962,2.141496209,2024,90.41177368,45.20588684,30.89777527
10,189,aurangabad,bihar,1.528354459,1.374532145,2024,161.2309113,53.74363708,30.9023604
27,469,aurangabad,maharashtra,1.495380376,1.323445969,2024,852.8726196,56.85817464,30.98588732
9,140,ayodhya,uttar pradesh,2.20296809,2.19392939,2024,274.3782959,54.87565918,30.67829725
9,123,azamgarh,uttar pradesh,1.994307639,1.953613076,2024,279.6087341,46.60145569,30.99756329
1,2,badgam,jammu & kashmir,1.522485322,1.467855567,2024,250.0730438,83.35768127,15.27257538
29,524,bagalkot,karnataka,1.126011723,1.075456747,2024,448.0095825,49.7788425,31.42558289
5,46,bageshwar,uttarakhand,0.573393564,0.583510446,2024,453.5787354,90.71574707,16.39306641
9,124,baghpat,uttar pradesh,2.534290331,2.535723667,2024,83.26100159,41.63050079,29.77666219
9,125,bahraich,uttar pradesh,1.176865636,1.150973858,2024,400.8643188,57.26633126,29.9534623
18,616,baksa,assam,0.660639,0.663306777,2024,535.6202393,133.9050598,28.54627482
23,392,balaghat,madhya pradesh,0.641715375,0.623503138,2024,999.4387207,76.87990159,30.57037354
21,346,balasore (baleshwar),odisha,1.360663711,1.26945544,2024,369.770752,73.95415039,30.52077709
29,528,ballari,karnataka,1.533550886,1.459029702,2024,526.965332,47.90593928,31.64398926
9,126,ballia,uttar pradesh,1.847413408,1.816785347,2024,206.616745,51.65418625,30.92623901
22,646,balod,chhattisgarh,0.881085299,0.857453825,2024,362.9216919,60.48694865,31.46426392
22,644,baloda bazar,chhattisgarh,1.257658541,1.214175303,2024,472.2037964,78.70063273,31.58161477
22,649,balrampur,chhattisgarh,0.646356034,0.659706137,2024,826.4208984,75.12917259,29.34249878
9,127,balrampur,uttar pradesh,1.084227862,1.071398477,2024,249.9651794,62.49129486,29.89908776
24,441,banas kantha,gujarat,0.935253429,0.920009534,2024,333.8913574,22.25942383,32.8817749
9,128,banda,uttar pradesh,0.957273913,0.94685726,2024,278.7073975,46.45123291,31.62605794
1,623,bandipura,jammu & kashmir,0.517951081,0.485147185,2024,319.3165894,53.21943156,7.439146154
10,190,banka,bihar,1.012209661,0.976238765,2024,214.6699371,53.66748428,30.01660989
19,305,bankura,west bengal,1.022209741,1.017214132,2024,771.2388916,70.11262651,30.93575247
8,88,banswara,rajasthan,0.971653936,0.937236425,2024,300.1520996,50.02534993,31.25602722
9,129,barabanki,uttar pradesh,1.828228928,1.747975297,2024,238.2701416,47.65402832,30.64633179
21,347,baragarh,odisha,0.821433372,0.794464068,2024,606.4210205,75.80262756,31.59117432
1,3,baramula,jammu & kashmir,0.890313254,0.859099667,2024,179.5426788,59.84755961,16.35761414
8,89,baran,rajasthan,0.983425853,0.985442725,2024,578.2761841,57.82761841,31.0987743
9,130,bareilly,uttar pradesh,2.092630347,2.055785739,2024,343.5848389,57.26413981,29.636043
8,90,barmer,rajasthan,0.749901644,0.74694085,2024,503.9182129,12.59795532,34.20628228
3,605,barnala,punjab,1.952003729,1.936107229,2024,50.38595581,25.19297791,30.20540365
18,280,barpeta,assam,0.749975748,0.733416231,2024,695.0616455,173.7654114,28.97715149
23,393,barwani,madhya pradesh,0.760836363,0.728393982,2024,468.4204712,58.5525589,31.2814726
22,374,bastar,chhattisgarh,0.803931246,0.82437344,2024,479.5206909,79.92011515,30.28329288
9,131,basti,uttar pradesh,1.516505119,1.51849719,2024,183.4347534,61.14491781,30.72019542
3,28,bathinda,punjab,2.582935778,2.603210083,2024,149.6335297,21.37621852,30.90082296
21,349,baudh (bauda),odisha,0.585318238,0.577136204,2024,273.4163818,68.35409546,31.25418599
10,191,begusarai,bihar,2.787499597,2.765039332,2024,94.06567383,47.03283691,30.43317261
29,527,belagavi,karnataka,1.086651949,1.012006929,2024,1020.877075,60.05159266,30.07952386
22,650,bemetara,chhattisgarh,1.165110893,1.136654153,2024,207.6141968,69.20473226,31.8577919
29,526,bengaluru rural,karnataka,5.197939569,5.074261352,2024,174.995163,58.33172099,29.05210368
29,525,bengaluru urban,karnataka,21.84913527,20.6398529,2024,216.9854584,54.24636459,28.90699387
23,394,betul,madhya pradesh,0.585688337,0.522440545,2024,1011.581787,63.22386169,29.76816813
9,179,bhadohi,uttar pradesh,3.146252646,2.86841747,2024,97.48456573,48.74228287,31.1912384
36,690,bhadradri kothagudem,telangana,0.801495697,0.783906961,2024,574.0859375,63.78732639,32.44276428
21,348,bhadrak,odisha,1.266399096,1.262777834,2024,140.1426697,70.07133484,31.07399126
10,192,bhagalpur,bihar,1.862561916,1.757439302,2024,168.8745422,56.29151408,30.0485063
27,471,bhandara,maharashtra,0.908723028,0.858528142,2024,371.4916992,61.9152832,31.87228139
8,91,bharatpur,rajasthan,1.376486317,1.348394604,2024,306.9735718,43.8533674,30.92106819
24,442,bharuch,gujarat,3.162996336,3.077179551,2024,384.7585449,54.96550642,31.83165786
24,443,bhavnagar,gujarat,1.186932911,1.169183719,2024,401.334137,40.1334137,31.80770713
8,92,bhilwara,rajasthan,1.153071331,1.131669518,2024,510.4088745,36.45777675,31.26582705
23,395,bhind,madhya pradesh,1.075736017,1.075143154,2024,277.8218689,46.30364482,31.16839803
6,59,bhiwani,haryana,1.328332893,1.34529034,2024,126.0577393,25.21154785,31.34116155
10,193,bhojpur,bihar,1.955232289,1.901729538,2024,150.9510193,50.31700643,30.9597168
23,396,bhopal,madhya pradesh,3.408061814,3.271014276,2024,283.8720093,56.77440186,30.44686127
27,470,bid,maharashtra,1.087840375,0.976228514,2024,776.324707,51.75498047,31.40644994
29,529,bidar,karnataka,1.117776492,1.002318104,2024,513.7327271,57.08141412,30.93173397
22,636,bijapur,chhattisgarh,0.415143155,0.436659783,2024,911.3098755,75.94248962,31.67407227
9,132,bijnor,uttar pradesh,1.441050446,1.435597218,2024,208.1777649,41.63555298,28.79090433
8,93,bikaner,rajasthan,0.747370764,0.74115452,2024,528.8050537,12.01829668,33.87296677
22,375,bilaspur,himachal pradesh,1.209235287,1.231441846,2024,434.1503906,72.35839844,31.37567139
2,15,bilaspur,chhattisgarh,2.161108589,2.113873713,2024,81.58862305,40.79431152,25.55572255
19,307,birbhum,west bengal,1.417969618,1.402685509,2024,597.8061523,74.72576904,30.72574391
14,252,bishnupur,manipur,1.121078312,1.068013853,2024,66.93112183,66.93112183,25.91211955
18,705,biswanath,assam,0.685058303,0.685269057,2024,214.7206116,107.3603058,27.65847168
20,322,bokaro,jharkhand,2.481880288,2.501450263,2024,245.9416656,61.48541641,30.00565084
21,345,bolangir (balangir),odisha,0.863194985,0.86035944,2024,593.4401855,65.93779839,31.69950562
18,281,bongaigaon,assam,0.908045314,0.873992486,2024,195.2786255,195.2786255,29.12459755
24,676,botad,gujarat,0.970569701,0.931687169,2024,151.4881897,50.49606323,33.77631293
9,133,budaun,uttar pradesh,1.153957819,1.152965953,2024,314.947113,52.49118551,29.97086589
9,134,bulandshahr,uttar pradesh,2.248626219,2.198385466,2024,252.4562073,42.07603455,29.99511283
27,472,buldhana,maharashtra,0.914510679,0.76793532,2024,1000.201538,66.68010254,31.27662072
8,94,bundi,rajasthan,1.005024985,0.99149824,2024,379.2333374,47.40416718,31.78129747
23,397,burhanpur,madhya pradesh,0.668257919,0.600167186,2024,415.9156494,69.3192749,31.18572998
10,194,buxar,bihar,1.696610267,1.642031876,2024,112.9094391,56.45471954,31.02227444
18,282,cachar,assam,0.684295968,0.67035812,2024,745.0614014,124.1769002,28.52751414
7,77,central,delhi,37.12178848,36.90713497,2024,42.06635284,42.06635284,30.23858261
29,531,chamarajanagar,karnataka,0.76129443,0.730030977,2024,354.6252441,50.66074916,29.14163886
2,16,chamba,himachal pradesh,0.51443007,0.524961369,2024,710.9816284,64.63469349,11.1911714
5,47,chamoli,uttarakhand,0.55119055,0.550482125,2024,862.9196777,66.37843675,8.151404245
5,48,champawat,uttarakhand,0.65944577,0.702153589,2024,257.9552612,128.9776306,24.46282768
15,262,champhai,mizoram,0.412468948,0.391658402,2024,267.6916504,66.9229126,25.47941589
9,135,chandauli,uttar pradesh,1.918718668,1.821194192,2024,199.8178864,49.95447159,30.77414551
14,253,chandel,manipur,0.407384325,0.39494518,2024,161.1210022,80.5605011,26.76350911
4,44,chandigarh,chandigarh,27.31540406,26.65334287,2024,26.9352169,26.9352169,29.07269669
27,473,chandrapur,maharashtra,0.953028878,0.874412129,2024,788.7856445,56.34183175,32.45122477
12,229,changlang,arunachal pradesh,0.397399345,0.412850112,2024,1081.605957,135.2007446,21.74996803
18,708,charaideo,assam,0.905087291,0.891121452,2024,111.398201,111.398201,27.97237651
6,701,charkhi dadri,haryana,1.439136332,1.455753285,2024,56.63848495,28.31924248,30.87681362
20,323,chatra,jharkhand,0.811291167,0.832127331,2024,334.1708069,55.69513448,29.81431144
33,730,chengalpattu,tamil nadu,4.360047912,4.080393389,2024,172.1504974,57.38349915,31.37676392
33,568,chennai,tamil nadu,31.93663172,28.10185962,2024,52.28649902,52.28649902,31.25537872
23,398,chhatarpur,madhya pradesh,0.941181678,0.919782508,2024,679.2016602,56.60013835,31.04717807
23,399,chhindwara,madhya pradesh,0.669025115,0.620755968,2024,1171.862915,73.24143219,29.75309175
24,668,chhota udepur,gujarat,0.752872957,0.726233395,2024,385.9697266,64.32828776,31.41184489
29,630,chik ballapur,karnataka,1.536345811,1.504581245,2024,249.8161621,49.96323242,30.11394043
29,532,chikkamagaluru,karnataka,0.693668155,0.639737016,2024,959.2822876,95.92822876,28.02375874
18,612,chirang,assam,0.802603542,0.806663399,2024,640.3096313,160.0774078,26.91239014
29,533,chitradurga,karnataka,1.112268531,1.055693895,2024,501.6455383,45.60413985,30.37498673
9,136,chitrakoot,uttar pradesh,0.969264847,0.938503482,2024,228.1401062,45.62802124,31.38484331
8,95,chittaurgarh,rajasthan,1.31087901,1.299430902,2024,487.4398193,40.61998494,30.9168457
28,503,chittoor,andhra pradesh,1.129238852,1.101052205,2024,1021.507263,48.64320301,31.65500113
14,254,churachandpur,manipur,0.466814882,0.461319459,2024,296.6528015,74.16320038,26.11309306
8,96,churu,rajasthan,0.748428514,0.741141383,2024,406.0756531,18.45798423,32.69455698
33,569,coimbatore,tamil nadu,2.526241181,2.258008988,2024,471.6708069,78.61180115,29.48897934
33,570,cuddalore,tamil nadu,1.776466192,1.685723424,2024,442.894104,63.27058629,32.00270589
21,350,cuttack,odisha,1.953354828,1.957429107,2024,472.3370056,67.47671509,31.33210306
38,465,dadra & nagar haveli,dadra & nagar haveli & daman & diu,3.758312837,3.522084641,2024,63.89773178,63.89773178,30.83522606
24,445,dahod,gujarat,0.961547389,0.956618009,2024,291.9152832,58.38305664,31.22126887
22,376,dakshin bastar dantewada,chhattisgarh,0.836830519,0.824507887,2024,350.5391846,87.63479614,30.57696533
19,310,dakshin dinajpur,west bengal,1.274537849,1.257363674,2024,211.1621094,70.38736979,29.86348397
29,534,dakshina kannada,karnataka,1.220644746,1.183177427,2024,1054.640991,150.6629987,28.63879967
38,463,daman,dadra & nagar haveli & daman & diu,11.06758565,10.57805551,2024,71.44821167,71.44821167,29.6994381
23,400,damoh,madhya pradesh,0.752256364,0.75732449,2024,634.0239868,63.40239868,30.7116612
24,444,dangs,gujarat,0.50163079,0.470369708,2024,211.9771423,70.65904744,29.82314682
10,195,darbhanga,bihar,2.017737006,1.949091854,2024,209.7098083,52.42745209,30.55991211
19,309,darjiling,west bengal,1.465022438,1.417586699,2024,414.0674438,138.0224813,25.20995941
18,283,darrang,assam,0.847498284,0.811377836,2024,254.2756805,127.1378403,29.08271281
23,401,datia,madhya pradesh,1.058904452,1.053780996,2024,193.0433655,48.26084137,31.26093674
8,97,dausa,rajasthan,1.818699737,1.758775702,2024,240.8367157,40.13945262,30.95761343
29,535,davangere,karnataka,1.16321604,1.086845909,2024,425.7143555,60.8163365,29.88362523
5,49,dehradun,uttarakhand,2.620528017,2.613515984,2024,297.261261,74.31531525,23.78219839
21,351,deogarh,odisha,0.578367906,0.5898089,2024,299.1531982,99.71773275,30.57475281
20,324,deoghar,jharkhand,1.587326875,1.604958926,2024,167.8140411,55.93801371,30.15462646
9,137,deoria,uttar pradesh,1.905863004,1.869357057,2024,111.5013123,55.75065613,30.91856523
24,674,devbhumi dwarka,gujarat,1.313480762,1.257265952,2024,462.5260925,66.07515608,29.80948953
23,402,dewas,madhya pradesh,1.050329116,1.027465106,2024,620.7253418,62.07253418,30.74592452
16,269,dhalai,tripura,0.597852395,0.5739164,2024,160.4610291,80.23051453,29.52000427
22,377,dhamtari,chhattisgarh,0.834222589,0.825628707,2024,388.2091064,64.70151774,30.99556841
20,325,dhanbad,jharkhand,3.575611583,3.543646299,2024,187.1972046,62.3990682,30.35313606
23,403,dhar,madhya pradesh,1.174673683,1.127110294,2024,691.0825806,62.82568914,30.93609064
33,571,dharmapuri,tamil nadu,1.193244279,1.100240917,2024,384.2540588,54.89343698,31.0517924
29,536,dharwad,karnataka,1.594876896,1.494878538,2024,228.4308624,57.10771561,29.9315918
8,98,dhaulpur,rajasthan,0.975547393,0.966409753,2024,280.6402588,56.12805176,30.91338457
18,284,dhemaji,assam,0.577073913,0.555336299,2024,469.9974976,117.4993744,27.20046125
21,352,dhenkanal,odisha,1.325351545,1.379655898,2024,341.7942505,68.3588501,31.15909627
18,285,dhubri,assam,0.895497836,0.85524636,2024,496.4952393,165.4984131,29.24119059
27,474,dhule,maharashtra,0.974194545,0.917997002,2024,558.1013184,62.0112576,31.05730936
12,230,dibang valley,arunachal pradesh,0.323143346,0.306153259,2024,2331.987061,166.5705043,10.53312029
18,286,dibrugarh,assam,1.672246331,1.819174218,2024,461.681427,115.4203568,27.77883693
18,299,dima hasao,assam,0.460207222,0.468194702,2024,628.2034912,89.74335589,27.15819415
13,244,dimapur,nagaland,1.63031849,1.749687646,2024,101.4050522,101.4050522,26.64300791
33,572,dindigul,tamil nadu,1.213531347,1.164109957,2024,568.4194946,71.05243683,31.14541626
23,404,dindori,madhya pradesh,0.619436413,0.613730494,2024,414.0351257,69.00585429,29.20773994
38,464,diu,dadra & nagar haveli & daman & diu,5.083677891,4.840895724,2024,39.88515091,39.88515091,29.31116486
1,4,doda,jammu & kashmir,0.615561536,0.622496571,2024,319.628479,79.90711975,14.68904583
20,326,dumka,jharkhand,0.859886683,0.856946061,2024,312.9015503,62.58031006,30.30718486
8,99,dungarpur,rajasthan,0.94258073,0.893972021,2024,193.7041168,38.74082336,31.55619303
22,378,durg,chhattisgarh,3.550229901,3.497566256,2024,298.5475464,74.6368866,31.5789299
7,78,east,sikkim,0.781891036,0.706031831,2024,42.50848389,42.50848389,30.23858261
11,225,east,delhi,47.31769944,46.44982105,2024,371.2247314,185.6123657,15.60231323
17,273,east garo hills,meghalaya,0.620339379,0.621467191,2024,264.8947144,132.4473572,27.24442618
28,505,east godavari,andhra pradesh,1.044695843,1.016929889,2024,1408.809937,74.1478914,30.95850594
17,657,east jaintia hills,meghalaya,0.655070577,0.633244498,2024,486.0183716,162.0061239,26.16332838
12,231,east kameng,arunachal pradesh,0.372831182,0.363622043,2024,1932.38623,276.0551758,14.27894374
17,274,east khasi hills,meghalaya,0.900712606,0.909621344,2024,849.180481,212.2951202,24.60863749
23,405,east nimar,madhya pradesh,0.714320343,0.672381364,2024,624.8707886,62.48707886,31.23908267
12,232,east siang,arunachal pradesh,0.497159507,0.48105635,2024,410.7947693,136.9315898,26.00037956
20,327,east singhbhum,jharkhand,2.031230961,2.065041444,2024,333.5374756,66.70749512,30.78453416
32,555,ernakulam,kerala,2.748370623,2.31351393,2024,758.7023315,151.7404663,28.86429665
33,573,erode,tamil nadu,1.419684583,1.339797633,2024,466.0216064,58.25270081,30.81828817
9,138,etah,uttar pradesh,1.431440011,1.407194711,2024,216.5084839,43.30169678,30.53039042
9,139,etawah,uttar pradesh,1.724879968,1.705576674,2024,127.7123795,42.57079315,30.80381775
6,60,faridabad,haryana,10.56759807,10.66102715,2024,44.99520111,44.99520111,30.49456978
3,29,faridkot,punjab,1.792516948,1.769213224,2024,76.90367126,25.63455709,30.54084996
9,141,farrukhabad,uttar pradesh,1.42155315,1.404638219,2024,82.16404724,41.08202362,30.40332336
6,61,fatehabad,haryana,1.749506956,1.740512986,2024,86.16303253,21.54075813,30.96455383
3,30,fatehgarh sahib,punjab,2.717867271,2.673513449,2024,28.32686615,28.32686615,29.71260643
9,142,fatehpur,uttar pradesh,1.329114212,1.315144166,2024,322.1519165,46.02170236,31.5043335
3,651,fazilka,punjab,1.604443637,1.593051911,2024,81.99906158,13.66651026,30.92156982
9,143,firozabad,uttar pradesh,1.943293862,1.920872023,2024,167.8214111,41.95535278,30.70720757
3,31,firozpur,punjab,2.148597887,2.11419946,2024,47.57178116,23.78589058,30.29392184
29,537,gadag,karnataka,0.93812807,0.903008636,2024,392.3862915,49.04828644,30.86796788
27,475,gadchiroli,maharashtra,0.5467558,0.554849173,2024,1387.577148,66.07510231,32.19695522
21,353,gajapati,odisha,0.518779781,0.500843916,2024,380.5852661,63.43087769,30.21248817
1,626,ganderbal,jammu & kashmir,0.884460345,0.858856909,2024,126.4735489,42.15784963,8.532266998
24,446,gandhinagar,gujarat,4.834993831,4.599325985,2024,97.55970764,32.51990255,32.79311829
8,100,ganganagar,rajasthan,0.963186275,0.964930296,2024,133.7033386,8.913555908,32.31918538
21,354,ganjam,odisha,0.947980675,0.897014281,2024,674.8856201,61.35323819,30.33758014
20,328,garhwa,jharkhand,0.707098961,0.713099285,2024,470.6434021,67.23477173,30.12983805
22,645,gariyaband,chhattisgarh,0.573692162,0.559323428,2024,447.0944519,63.87063599,30.97481497
22,734,gaurela-pendra-marwahi,chhattisgarh,0.847941864,0.833002779,2024,115.7201233,57.86006165,29.83015272
9,144,gautambudhnagar,uttar pradesh,13.33585541,13.26987364,2024,40.33457947,40.33457947,30.32700263
10,196,gaya,bihar,1.674182759,1.632966705,2024,506.2136841,50.62136841,30.69623947
9,146,gazipur,uttar pradesh,1.920734639,1.861771108,2024,223.9277649,44.78555298,31.05975124
9,145,ghaziabad,uttar pradesh,11.69182963,11.70425614,2024,42.02222061,42.02222061,29.94946289
24,675,gir somnath,gujarat,1.598486626,1.586683896,2024,162.642334,40.6605835,30.42546692
20,329,giridih,jharkhand,1.009148294,1.018018257,2024,425.4296875,53.17871094,29.72723999
18,287,goalpara,assam,0.903469852,0.877265571,2024,574.9673462,143.7418365,29.20472145
20,330,godda,jharkhand,1.220660013,1.193402659,2024,112.5986938,56.29934692,29.96636963
18,288,golaghat,assam,1.416917725,1.46329486,2024,552.9382935,110.5876587,27.8239212
16,654,gomati,tripura,0.787255721,0.735033757,2024,278.7058105,92.90193685,29.874006
9,147,gonda,uttar pradesh,1.462495604,1.416853953,2024,419.6631775,59.9518825,30.49901254
27,476,gondia,maharashtra,0.83217831,0.794614094,2024,501.0977783,62.63722229,31.54525566
10,197,gopalganj,bihar,1.653480796,1.620106335,2024,242.753479,60.68836975,30.93440108
9,148,gorakhpur,uttar pradesh,3.373043477,3.357735675,2024,267.8847351,53.57694702,30.82291521
20,331,gumla,jharkhand,0.569644601,0.613509844,2024,423.2854614,70.5475769,28.75039482
23,406,guna,madhya pradesh,0.952079118,0.929091287,2024,504.7340698,56.08156331,30.56636963
28,506,guntur,andhra pradesh,1.236777618,1.16759581,2024,741.9847412,49.46564941,32.5397865
3,32,gurdaspur,punjab,1.835153618,1.811960865,2024,238.853775,47.770755,29.29187927
6,62,gurugram,haryana,12.62881575,12.72369368,2024,71.86686707,35.93343353,30.68346659
23,407,gwalior,madhya pradesh,1.849738827,1.839048711,2024,467.2606812,58.40758514,31.09032985
18,289,hailakandi,assam,0.57645869,0.55014271,2024,211.3890533,105.6945267,29.12844086
2,17,hamirpur,himachal pradesh,0.843033678,0.875116391,2024,107.2720413,53.63602066,24.6526947
9,149,hamirpur,uttar pradesh,0.907021473,0.904603685,2024,335.6888123,55.94813538,31.73964844
8,101,hanumangarh,rajasthan,0.830813557,0.826077583,2024,218.8205566,14.58803711,32.03918457
19,313,haora,west bengal,4.444843097,4.232369307,2024,132.9836426,66.49182129,30.90701803
9,661,hapur,uttar pradesh,3.869097273,3.810191165,2024,37.44721603,37.44721603,29.78697859
23,408,harda,madhya pradesh,0.826926448,0.777300098,2024,302.4987488,60.49974976,30.83807928
9,150,hardoi,uttar pradesh,1.178196623,1.160142305,2024,381.3977966,42.37753296,30.43454933
5,50,haridwar,uttarakhand,3.027258515,2.988049468,2024,125.2194672,41.73982239,28.20795525
29,539,hassan,karnataka,1.396362764,1.318817226,2024,757.6138916,75.76138916,28.07472839
9,163,hathras,uttar pradesh,1.667917095,1.63056048,2024,41.74662399,41.74662399,30.65691461
29,540,haveri,karnataka,1.188667013,1.125457488,2024,298.0619812,59.61239624,29.71915436
20,332,hazaribagh,jharkhand,1.451786204,1.473929248,2024,339.6983643,56.61639404,29.47462845
27,477,hingoli,maharashtra,0.910257548,0.802202272,2024,363.3213806,60.55356344,31.6481547
6,63,hisar,haryana,1.92128323,1.903005851,2024,88.78004456,22.19501114,30.96601046
18,709,hojai,assam,0.915490576,0.89821925,2024,80.80508423,80.80508423,28.99412155
23,409,hoshangabad,madhya pradesh,0.837569648,0.838232798,2024,496.8039856,55.20044284,30.44522255
3,33,hoshiarpur,punjab,1.446143231,1.441480532,2024,255.7270508,42.62117513,28.9764639
19,312,hugli,west bengal,2.508481176,2.505821614,2024,292.5281677,73.13204193,30.80045646
36,507,hyderabad,telangana,44.27060209,41.3669981,2024,57.04415894,57.04415894,30.64912605
32,556,idukki,kerala,0.549484796,0.485873437,2024,693.7237549,115.6206258,27.87730662
14,255,imphal east,manipur,2.129470736,2.003020049,2024,64.41030121,64.41030121,24.5480245
14,256,imphal west,manipur,2.121772633,2.057922403,2024,63.33325958,63.33325958,25.36934408
23,410,indore,madhya pradesh,4.347917098,4.223372104,2024,436.2890015,62.32700021,30.59132737
23,411,jabalpur,madhya pradesh,1.861465292,1.875136099,2024,441.046936,63.00670515,30.54248725
21,355,jagatsinghpur,odisha,2.647706926,2.462220679,2024,125.6365814,62.81829071,30.70047569
36,681,jagtial,telangana,1.287875293,1.211082004,2024,192.5500793,48.13751984,32.27209473
10,199,jahanabad,bihar,2.26484971,2.134728137,2024,48.58327484,48.58327484,31.02685547
8,102,jaipur,rajasthan,2.949985478,2.894021588,2024,513.6990967,36.69279262,30.73754883
8,103,jaisalmer,rajasthan,0.516490746,0.514297209,2024,542.9259644,9.87138117,34.61934558
21,356,jajapur,odisha,2.394379868,2.448215657,2024,325.3865356,65.07730713,31.2803317
3,34,jalandhar,punjab,3.252545916,3.164245553,2024,64.49984741,32.24992371,29.71549733
9,151,jalaun,uttar pradesh,1.06018366,1.057812689,2024,301.6520996,50.27534993,31.47033691
27,478,jalgaon,maharashtra,1.025804693,0.929130477,2024,877.1646118,58.47764079,31.43626022
27,479,jalna,maharashtra,1.054694995,0.895384824,2024,546.0464478,60.67182753,31.28535716
8,104,jalor,rajasthan,0.699333314,0.690930197,2024,247.718811,15.48242569,33.29279617
19,314,jalpaiguri,west bengal,1.359417315,1.287430067,2024,559.055481,139.7638702,27.84279286
1,5,jammu,jammu & kashmir,3.538927961,3.457636609,2024,251.3592072,50.27184143,27.79994202
24,447,jamnagar,gujarat,2.409950814,2.397794412,2024,404.8127136,44.9791904,31.45020967
20,333,jamtara,jharkhand,0.986925035,0.974630928,2024,175.940506,58.64683533,30.50437317
10,198,jamui,bihar,1.019421455,1.018774211,2024,209.6459961,52.41149902,29.99831449
36,689,jangaon,telangana,1.070356336,0.990352792,2024,218.6106262,54.65265656,31.58083767
22,379,janjgir - champa,chhattisgarh,1.449630452,1.421291187,2024,640.5237427,80.06546783,31.71160278
22,380,jashpur,chhattisgarh,0.693171048,0.692070164,2024,369.1402893,73.82805786,29.27946303
9,152,jaunpur,uttar pradesh,2.210868718,2.079328506,2024,172.0826874,43.02067184,31.10132708
36,687,jayashankar bhupalapally,telangana,0.883299165,0.850174599,2024,239.3442383,59.83605957,32.93126609
23,412,jhabua,madhya pradesh,0.925908242,0.919048202,2024,332.9099731,66.58199463,30.60590617
6,64,jhajjar,haryana,2.846566556,2.861958807,2024,99.2424469,33.08081563,30.66850662
8,105,jhalawar,rajasthan,0.979889188,0.97875957,2024,501.4125977,55.71251085,31.19537644
9,153,jhansi,uttar pradesh,1.517014235,1.461114253,2024,408.0405273,51.00506592,31.41663513
19,703,jhargram,west bengal,0.773075222,0.757232755,2024,150.0880585,75.04402924,31.13642296
21,357,jharsuguda,odisha,2.234023799,2.152917663,2024,165.1182098,82.55910492,31.39857178
8,106,jhunjhunun,rajasthan,1.299499033,1.274654269,2024,239.7058258,29.96322823,31.20967371
6,65,jind,haryana,1.834389744,1.815431652,2024,148.8992004,29.77984009,30.28137762
14,713,jiribam,manipur,0.498287256,0.485105164,2024,99.99140167,99.99140167,28.7587738
8,107,jodhpur,rajasthan,1.183133507,1.18101308,2024,729.7072144,22.11233983,33.2900062
36,695,jogulamba gadwal,telangana,0.958057895,0.888353483,2024,180.8038635,45.20096588,32.8446991
18,290,jorhat,assam,1.009931523,1.021746018,2024,214.4286804,107.2143402,28.07802429
24,448,junagadh,gujarat,0.949327754,0.919136096,2024,434.7963257,48.31070285,31.22402039
22,382,kabirdham,chhattisgarh,0.83017935,0.817359941,2024,408.1684265,68.02807109,30.35601371
24,449,kachchh,gujarat,0.813784488,0.79303057,2024,1281.589722,22.09637451,32.92138956
10,200,kaimur,bihar,1.031603089,1.005277476,2024,325.8189697,54.30316162,30.6896198
6,66,kaithal,haryana,1.912889878,1.905784295,2024,88.43543243,29.47847748,29.87346802
14,711,kakching,manipur,1.026040838,0.971084597,2024,64.52452087,64.52452087,26.05119705
29,538,kalaburagi,karnataka,0.97767607,0.867808508,2024,974.8392334,64.98928223,31.78388504
21,358,kalahandi,odisha,0.68647053,0.678639722,2024,715.7866211,65.07151101,30.76074727
19,702,kalimpong,west bengal,0.621105173,0.589693993,2024,297.4185486,148.7092743,23.22533925
33,729,kallakkurichi,tamil nadu,1.126544124,1.076982069,2024,301.8521118,60.37042236,32.2563754
36,685,kamareddy,telangana,1.033059045,0.951179485,2024,281.1751404,56.23502808,31.17910062
14,717,kamjong,manipur,0.380800746,0.38211344,2024,264.3366699,88.11222331,26.43032837
12,718,kamle,arunachal pradesh,0.404996903,0.387586523,2024,353.7113037,176.8556519,21.92667934
18,618,kamrup metro,assam,4.01570086,3.986309808,2024,137.3274384,137.3274384,28.8960762
18,291,kamrup rural,assam,1.032334453,0.991357716,2024,762.484375,152.496875,28.52393517
33,574,kanchipuram,tamil nadu,5.441065168,5.092342752,2024,146.9861145,48.9953715,32.21077881
21,359,kandhamal,odisha,0.491679805,0.499023419,2024,804.2704468,73.11549516,29.9898856
14,712,kangpokpi,manipur,0.543215164,0.524989411,2024,224.1863098,74.72876994,24.72767991
2,18,kangra,himachal pradesh,0.788301113,0.798773403,2024,504.7861633,63.09827042,20.99251258
9,155,kannauj,uttar pradesh,1.863929537,1.851326918,2024,140.3505707,46.78352356,30.72973328
32,557,kannur,kerala,1.042543294,0.955548603,2024,580.649353,145.1623383,28.29888916
9,157,kanpur,uttar pradesh,3.78012063,3.7679043,2024,192.1604767,48.04011917,31.15728205
9,156,kanpur dehat,uttar pradesh,1.540753941,1.523839522,2024,238.1546021,47.63092041,31.21541341
33,575,kanyakumari,tamil nadu,1.856995372,1.756341296,2024,215.7279205,71.90930684,29.68417794
3,35,kapurthala,punjab,2.230276214,2.202991767,2024,107.6381073,35.8793691,29.62249756
34,598,karaikal,puducherry,3.599595432,3.514045174,2024,62.78338242,62.78338242,30.61337662
8,108,karauli,rajasthan,0.992947435,0.967641576,2024,352.4838867,50.35484096,31.01842584
18,292,karbi anglong,assam,0.526235677,0.523019289,2024,1390.721436,115.893453,28.15629578
37,6,kargil,ladakh,0.488481458,0.4783338,2024,562.4375,26.7827381,0.474155521
18,293,karimganj,assam,0.711947295,0.662737061,2024,372.3515625,124.1171875,29.33908844
36,508,karimnagar,telangana,2.012891115,1.865411644,2024,169.7796936,56.5932312,32.55460358
6,67,karnal,haryana,2.948626944,2.912153547,2024,131.7426147,32.93565369,29.6979703
33,576,karur,tamil nadu,1.497539548,1.394514888,2024,131.8182983,43.93943278,33.54458957
32,558,kasaragod,kerala,1.004671276,0.949005029,2024,439.5575562,146.5191854,28.93201904
9,633,kasganj,uttar pradesh,1.068446794,1.052609721,2024,142.296051,47.43201701,30.29851074
1,7,kathua,jammu & kashmir,1.283567074,1.282421931,2024,361.1072693,72.22145386,23.64694491
10,201,katihar,bihar,1.262604063,1.190369519,2024,299.3594971,59.87189941,29.98578644
23,413,katni,madhya pradesh,1.0915465,1.105693714,2024,480.6584473,60.08230591,30.49397108
9,158,kaushambi,uttar pradesh,1.919188955,1.894803904,2024,87.5309906,43.7654953,31.50610352
21,360,kendraparha,odisha,1.086945992,1.021057224,2024,197.4523315,65.81744385,30.90276822
21,361,keonjhar (kendujhar),odisha,1.13711568,1.150061577,2024,884.3560791,73.69633993,30.07497506
10,202,khagaria,bihar,1.315656031,1.283891606,2024,112.0278931,56.01394653,30.27267075
36,509,khammam,telangana,1.137531295,1.097492229,2024,319.1571045,63.8314209,32.60595703
24,450,kheda,gujarat,1.890016423,1.808431972,2024,239.6695557,47.93391113,32.54473267
9,159,kheri,uttar pradesh,1.027166465,1.02495627,2024,628.7894287,62.87894287,29.76912435
21,362,khordha,odisha,3.124506943,3.145142849,2024,269.9715271,67.49288177,30.90560041
16,652,khowai,tripura,0.899729336,0.851126836,2024,273.9142456,91.30474854,29.75267334
20,606,khunti,jharkhand,0.746348735,0.781379912,2024,189.1437378,63.0479126,29.51030384
2,19,kinnaur,himachal pradesh,0.486101519,0.48193485,2024,397.3496094,39.73496094,2.768824929
13,614,kiphire,nagaland,0.430706528,0.428198619,2024,189.2529449,94.62647247,22.95656586
10,203,kishanganj,bihar,1.269496623,1.223295026,2024,190.4620056,95.23100281,29.87527466
1,620,kishtwar,jammu & kashmir,0.516460876,0.518443331,2024,758.357666,47.39735413,4.748200378
19,308,koch bihar,west bengal,1.090178547,1.035552959,2024,580.1828003,145.0457001,29.5113901
29,541,kodagu,karnataka,0.532407286,0.511578548,2024,463.3639526,115.8409882,27.78632531
20,334,kodarma,jharkhand,1.189551381,1.210014616,2024,175.8433533,58.61445109,29.7365551
13,245,kohima,nagaland,0.680893386,0.715769759,2024,315.9499512,105.3166504,24.57198334
18,294,kokrajhar,assam,0.70186935,0.666242284,2024,644.7349854,161.1837463,28.27280367
29,542,kolar,karnataka,2.298829435,2.22688434,2024,303.6392212,50.60653687,29.55093602
15,263,kolasib,mizoram,0.430836135,0.408046436,2024,172.4974365,86.24871826,28.74874224
27,480,kolhapur,maharashtra,0.998315693,0.931383335,2024,877.5928955,97.51032172,29.55373354
19,315,kolkata,west bengal,43.77426657,42.19572051,2024,69.2631073,69.2631073,30.78990173
32,559,kollam,kerala,1.713263873,1.552104792,2024,203.3184814,101.6592407,30.15168069
22,643,kondagaon,chhattisgarh,0.496658257,0.49809448,2024,589.1578369,65.46198188,30.15118049
29,543,koppal,karnataka,1.044721117,0.955827349,2024,348.6480103,43.58100128,31.59517176
21,363,koraput,odisha,0.726058143,0.712539051,2024,808.8188477,73.52898615,29.09660645
22,383,korba,chhattisgarh,1.365527421,1.275413156,2024,562.3297119,70.29121399,30.72488785
22,384,korea,chhattisgarh,0.692071652,0.700016586,2024,676.2675171,61.47886519,29.75960083
8,109,kota,rajasthan,1.924467806,1.937073798,2024,446.162262,49.57358466,31.68503825
32,560,kottayam,kerala,1.34360856,1.165066046,2024,438.9065552,146.3021851,29.37310137
32,561,kozhikode,kerala,1.148116443,1.042458234,2024,408.2349854,136.0783285,28.53392639
12,677,kra daadi,arunachal pradesh,0.327460412,0.307627852,2024,361.1762085,120.3920695,18.35251533
28,510,krishna,andhra pradesh,1.549992008,1.459872998,2024,755.9779053,58.15214656,32.16021293
33,577,krishnagiri,tamil nadu,1.984289242,1.928215952,2024,299.4194031,49.90323385,30.30015654
1,622,kulgam,jammu & kashmir,0.744816416,0.741341324,2024,203.651886,101.825943,14.91880798
2,20,kullu,himachal pradesh,0.548684367,0.556066146,2024,613.8300781,68.20334201,8.594989353
36,699,kumuram bheem,telangana,0.663691136,0.627129878,2024,430.0788574,53.75985718,32.38038283
1,8,kupwara,jammu & kashmir,0.59219472,0.560303887,2024,213.0928192,53.2732048,13.87476418
28,511,kurnool,andhra pradesh,0.760865487,0.713235572,2024,1036.227783,45.05338188,32.78935359
6,68,kurukshetra,haryana,2.610391813,2.600303891,2024,93.16718292,31.05572764,29.61720276
12,233,kurung kumey,arunachal pradesh,0.323843965,0.307393127,2024,1228.14502,175.4492885,13.19470332
9,160,kushinagar,uttar pradesh,1.927607996,1.902896285,2024,191.7733002,63.92443339,30.69967869
2,21,lahul & spiti,himachal pradesh,0.463476375,0.460467842,2024,603.3314209,33.51841227,0.338723696
18,295,lakhimpur,assam,0.637694459,0.610150387,2024,650.1577148,108.3596191,27.32819693
10,204,lakhisarai,bihar,1.48446452,1.476491642,2024,146.6078491,48.86928304,30.25974121
31,553,lakshadweep,lakshadweep,1.278968636,1.218594026,2024,77.89395142,77.89395142,28.67495728
9,161,lalitpur,uttar pradesh,0.765623179,0.72468844,2024,484.972168,60.621521,30.69739151
20,335,latehar,jharkhand,0.651387722,0.67521372,2024,297.3308411,59.46616821,29.16111486
27,481,latur,maharashtra,1.083663122,0.982489503,2024,531.2938232,59.03264703,31.009136
15,264,lawngtlai,mizoram,0.403815809,0.415323848,2024,247.4216614,82.47388713,28.63443228
37,9,leh,ladakh,0.446300198,0.410676541,2024,5392.196777,22.19011019,-1.019518255
12,724,lepa rada,arunachal pradesh,0.417948015,0.394653545,2024,152.335022,152.335022,25.11794281
20,336,lohardaga,jharkhand,0.850717429,0.894957,2024,132.5903931,66.29519653,28.72779274
12,234,lohit,arunachal pradesh,0.371359585,0.358607337,2024,431.6646729,143.8882243,20.20057242
12,666,longding,arunachal pradesh,0.403932607,0.393255673,2024,218.3000336,109.1500168,24.70393562
13,615,longleng,nagaland,0.467617854,0.451159247,2024,218.1281128,109.0640564,23.87236328
12,235,lower dibang valley,arunachal pradesh,0.385818684,0.372700712,2024,828.8591919,165.7718384,19.90594013
12,719,lower siang,arunachal pradesh,0.382510649,0.363607915,2024,422.0005493,140.6668498,26.04436951
12,236,lower subansiri,arunachal pradesh,0.461885556,0.449711147,2024,406.1984253,203.0992126,20.7543318
9,162,lucknow,uttar pradesh,7.663393118,7.306429073,2024,177.5874023,44.39685059,30.71533481
3,36,ludhiana,punjab,3.912126494,3.813830264,2024,195.4725952,27.92465646,29.81497628
15,265,lunglei,mizoram,0.40201496,0.384344975,2024,542.348938,90.39148966,28.0343233
10,205,madhepura,bihar,1.489565599,1.422966518,2024,259.7547913,64.93869781,30.24825096
10,206,madhubani,bihar,1.618710947,1.557686338,2024,273.2661743,54.65323486,30.44644601
33,578,madurai,tamil nadu,1.769267771,1.713785134,2024,265.2433167,53.04866333,32.4974645
36,688,mahabubabad,telangana,0.829450028,0.787057476,2024,367.2714233,61.21190389,32.28559367
36,512,mahabubnagar,telangana,1.735626597,1.609816226,2024,161.6945496,53.89818319,31.27758789
9,164,maharajganj,uttar pradesh,1.366739182,1.406167638,2024,333.0142212,66.60284424,30.2045166
22,385,mahasamund,chhattisgarh,1.002709784,0.985571416,2024,555.1379395,79.30541992,31.37223646
34,599,mahe,puducherry,3.388693764,2.987124028,2024,124.5872803,124.5872803,29.30914116
6,69,mahendragarh,haryana,1.690674939,1.690895546,2024,60.39990234,30.19995117,30.52209854
24,451,mahesana,gujarat,2.26762601,2.214274933,2024,224.2108765,32.03012521,32.69609782
24,669,mahisagar,gujarat,0.81160769,0.792547167,2024,134.0824432,44.69414775,31.80324485
9,165,mahoba,uttar pradesh,1.040727116,1.034448387,2024,223.0160065,55.75400162,31.70372831
9,166,mainpuri,uttar pradesh,1.39894051,1.386078437,2024,201.4074402,40.28148804,30.60241699
18,706,majuli,assam,0.459822084,0.437443615,2024,95.49036407,95.49036407,28.66176496
32,562,malappuram,kerala,1.120661765,1.010557672,2024,765.6830444,127.6138407,28.52843475
19,316,maldah,west bengal,1.282823088,1.208233999,2024,317.6697388,63.53394775,30.00162252
21,364,malkangiri,odisha,0.517375266,0.523649632,2024,672.3239746,84.04049683,30.28420681
15,266,mamit,mizoram,0.400089966,0.377570631,2024,261.2623901,87.08746338,28.76763681
36,684,mancherial,telangana,1.202565456,1.105963305,2024,220.3667603,55.09169006,32.75703212
2,22,mandi,himachal pradesh,0.698077276,0.728486462,2024,335.7008667,67.14017334,21.1890346
23,415,mandla,madhya pradesh,0.617844359,0.592296722,2024,616.265625,68.47395833,29.93621536
23,416,mandsaur,madhya pradesh,1.041163832,1.031425849,2024,461.9339294,51.32599216,30.83142853
29,544,mandya,karnataka,1.586389369,1.51497664,2024,432.6104126,54.07630157,29.4331398
3,37,mansa,punjab,1.430003707,1.419940442,2024,39.92580414,19.96290207,30.73606567
18,296,marigaon,assam,0.776413853,0.744856453,2024,268.3953247,134.1976624,28.89917864
9,167,mathura,uttar pradesh,2.598001092,2.5955805,2024,215.8872986,43.17745972,30.77836609
9,168,mau,uttar pradesh,2.685262624,2.604507526,2024,185.9979095,46.49947739,31.04507637
21,365,mayurbhanj,odisha,0.655107588,0.655738052,2024,1221.032104,71.82541791,30.26198098
36,513,medak,telangana,1.458078616,1.351458372,2024,294.4107971,58.88215942,30.7279324
36,700,medchal-malkajgiri,telangana,13.58431103,12.1679828,2024,57.04415894,57.04415894,30.66913859
9,169,meerut,uttar pradesh,3.33391994,3.313201274,2024,215.399231,43.07984619,29.56654527
6,604,mewat,haryana,2.818270388,2.806862425,2024,108.9465561,36.3155187,30.74753898
1,,mirpur,jammu & kashmir,1.27077041,1.255772889,2024,264.0147095,44.00245158,27.15758514
9,170,mirzapur,uttar pradesh,1.58308933,1.492796986,2024,207.9040985,51.97602463,30.93673028
3,38,moga,punjab,1.911594545,1.894268217,2024,103.159317,25.78982925,30.10331217
13,246,mokokchung,nagaland,0.502167468,0.480034678,2024,113.9167175,113.9167175,26.07466316
13,247,mon,nagaland,0.457980861,0.442853076,2024,231.9333649,115.9666824,24.88485163
9,171,moradabad,uttar pradesh,2.597968067,2.554333004,2024,133.2961121,44.43203735,29.48161485
24,673,morbi,gujarat,1.879421804,1.816525707,2024,232.9504089,33.27862985,33.0270874
23,417,morena,madhya pradesh,1.120925658,1.093101067,2024,399.5647888,57.08068412,30.93091179
36,720,mulugu,telangana,0.53488934,0.530650125,2024,381.6882629,63.61471049,32.53962402
27,482,mumbai city,maharashtra,52.86120905,49.67242692,2024,85.51169586,85.51169586,29.01869583
22,647,mungeli,chhattisgarh,1.020539446,0.96140451,2024,220.8001404,73.60004679,30.93774137
10,207,munger,bihar,1.609077379,1.565156712,2024,112.0134583,56.00672913,30.14439174
19,319,murshidabad,west bengal,1.443056821,1.381735807,2024,438.8634644,73.14391073,30.4348721
1,,muzaffarabad,jammu & kashmir,0.591301732,0.56161484,2024,574.633606,57.4633606,12.13465966
9,172,muzaffarnagar,uttar pradesh,2.088786648,2.075018577,2024,179.3384399,44.83460999,29.31146545
10,208,muzaffarpur,bihar,2.121712575,2.053721991,2024,192.4364624,48.1091156,30.79580383
29,545,mysuru,karnataka,1.672445645,1.618179676,2024,428.3401489,61.19144985,28.68742981
21,366,nabarangapur,odisha,0.63366002,0.623782318,2024,495.449585,61.93119812,30.19129435
19,320,nadia,west bengal,1.764879401,1.767561384,2024,450.3132629,75.05221049,30.52611366
18,297,nagaon,assam,0.919882827,0.902863593,2024,655.8942871,131.1788574,28.87645569
33,579,nagapattinam,tamil nadu,1.257688195,1.313037677,2024,195.4584045,65.15280151,30.66951497
36,694,nagarkurnool,telangana,0.954690809,0.913728512,2024,411.9716492,45.77462769,31.71680705
8,110,nagaur,rajasthan,0.973668068,0.964874418,2024,637.1962891,23.59986256,32.0706729
27,484,nagpur,maharashtra,1.922103316,1.650121295,2024,991.4489746,66.09659831,31.55239399
5,51,nainital,uttarakhand,1.138317865,1.186562771,2024,342.8989258,68.57978516,26.29458383
10,209,nalanda,bihar,2.0896473,2.013446042,2024,87.86750793,43.93375397,30.71239319
18,298,nalbari,assam,0.812177145,0.800354215,2024,297.812439,148.9062195,29.57903862
36,514,nalgonda,telangana,1.227290185,1.162331309,2024,445.8762512,49.54180569,32.61821153
33,580,namakkal,tamil nadu,1.777899211,1.619718418,2024,247.0314026,61.75785065,32.59086609
12,678,namsai,arunachal pradesh,0.574992132,0.554235918,2024,223.1369476,111.5684738,26.85350473
27,485,nanded,maharashtra,0.944118965,0.815718954,2024,874.3632813,58.29088542,31.85452474
27,486,nandurbar,maharashtra,0.835565665,0.80952005,2024,476.8610229,68.12300328,30.93785168
22,637,narainpur,chhattisgarh,0.426552751,0.450915168,2024,475.9040527,79.31734212,30.4420602
36,721,narayanpet,telangana,1.053622059,0.985772288,2024,225.8205872,56.45514679,31.81233724
24,452,narmada,gujarat,0.782958295,0.748371033,2024,315.7124023,78.92810059,31.47708407
23,418,narshimapura,madhya pradesh,0.968851089,0.943930442,2024,455.8250122,56.97812653,30.4992608
27,487,nashik,maharashtra,1.606571457,1.511450987,2024,1327.51355,60.34152499,30.0180886
24,453,navsari,gujarat,1.603541847,1.551574319,2024,257.619873,64.40496826,30.61413879
10,210,nawada,bihar,1.371435873,1.365008779,2024,159.9819641,53.32732137,30.3715959
21,367,nayagarh,odisha,0.676205531,0.681690786,2024,390.5029602,65.0838267,31.04755108
7,79,new delhi,delhi,47.93255886,47.82724474,2024,42.50848389,42.50848389,30.35894012
35,603,nicobar,andaman & nicobar,0.277944765,0.262720237,2024,0,0,14.30869446
33,587,nilgiris,tamil nadu,0.703907324,0.627654463,2024,371.8489075,92.96222687,26.90032387
23,419,nimach,madhya pradesh,1.049064336,1.044116345,2024,283.1272888,47.18788147,30.76447105
36,680,nirmal,telangana,0.889145397,0.812037734,2024,251.1334229,50.22668457,31.91752272
23,722,nivari,madhya pradesh,1.323740063,1.259231633,2024,59.07117844,59.07117844,31.24809647
36,516,nizamabad,telangana,1.448113011,1.3068657,2024,376.240509,53.74864415,31.744589
14,714,nonei,manipur,0.401090513,0.391545257,2024,88.55104828,88.55104828,26.79079692
7,80,north,sikkim,0.408968132,0.376535261,2024,37.77481842,37.77481842,30.13793945
11,226,north,delhi,18.1758138,18.11056693,2024,1083.772827,154.8246896,5.0513978
35,632,north & middle andaman,andaman & nicobar,0.253300485,0.232062168,2024,477.0726929,95.41453857,28.7032814
7,81,north east,delhi,23.62078276,23.98225222,2024,42.06635284,42.06635284,30.09608841
17,656,north garo hills,meghalaya,0.703385691,0.710159931,2024,131.5623627,131.5623627,28.39128331
30,551,north goa,goa,2.959925976,2.641794798,2024,336.227478,168.113739,29.45447649
16,270,north tripura,tripura,0.709898798,0.683005163,2024,258.5514832,86.18382772,29.51053728
19,303,north twenty-four parganas,west bengal,3.694787422,3.716418452,2024,344.1936035,68.8387207,30.62527084
7,82,north west,delhi,25.77977395,25.47082286,2024,37.77481842,37.77481842,30.21977615
21,368,nuaparha,odisha,0.663626501,0.657625991,2024,257.2215576,64.3053894,31.18902588
12,723,pakke kessang,arunachal pradesh,0.38960105,0.389226887,2024,249.852829,124.9264145,22.87191162
20,337,pakur,jharkhand,0.916516727,0.890939171,2024,186.980835,62.32694499,30.30310059
32,563,palakkad,kerala,1.153998363,1.043388488,2024,627.1431885,104.5238647,29.51768276
20,338,palamu,jharkhand,0.968967375,0.962291645,2024,426.7665405,60.96664865,30.54615479
27,665,palghar,maharashtra,1.788186373,1.692272836,2024,747.5847168,83.06496853,30.48184586
8,111,pali,rajasthan,0.912903766,0.896514822,2024,467.6660156,27.50976563,31.7288644
6,619,palwal,haryana,3.423524153,3.373308961,2024,166.939621,41.73490524,30.69308908
24,454,panch mahals,gujarat,1.439952104,1.369613095,2024,233.9796906,58.49492264,32.12922668
6,70,panchkula,haryana,3.740207881,3.791558352,2024,63.93193817,31.96596909,26.8666796
6,71,panipat,haryana,5.051138349,5.16349635,2024,36.16942215,36.16942215,29.80909983
23,420,panna,madhya pradesh,0.710987591,0.706880537,2024,476.4161987,52.93513319,30.74540039
12,237,papumpare,arunachal pradesh,0.676716756,0.677606115,2024,1118.15625,186.359375,22.20805795
27,489,parbhani,maharashtra,0.948078569,0.78984386,2024,583.7999878,58.37999878,31.75036011
13,613,paren,nagaland,0.432444905,0.436843954,2024,194.6290894,97.31454468,25.81543477
19,704,paschim barddhaman,west bengal,6.507949266,6.43633224,2024,147.9962006,73.99810028,30.87390815
19,318,paschim medinipur,west bengal,1.438859607,1.417039575,2024,589.6697998,73.70872498,31.09884483
10,211,pashchimi champaran,bihar,0.972200158,0.988506421,2024,534.335083,66.79188538,30.10891544
24,455,patan,gujarat,0.886680334,0.861431637,2024,156.6378937,22.37684195,33.54310535
3,662,pathankot,punjab,2.481079027,2.468531881,2024,51.9276886,51.9276886,27.43222809
3,41,patiala,punjab,2.742145386,2.707967577,2024,143.5410767,28.70821533,29.79538836
10,212,patna,bihar,4.163575194,4.056166628,2024,139.1079254,46.36930847,30.76846313
32,564,pattanamthitta,kerala,1.036569852,0.937287902,2024,326.912384,108.9707947,30.0140797
5,52,pauri garhwal,uttarakhand,0.722336319,0.762522373,2024,473.9299927,59.24124908,24.47779168
36,682,peddapalli,telangana,1.944115201,1.841236565,2024,222.1454468,55.53636169,32.86501312
33,581,perambalur,tamil nadu,1.278860855,1.273051186,2024,108.1535645,54.07678223,32.83739471
13,248,phek,nagaland,0.424604505,0.417063438,2024,339.168457,84.79211426,23.47126552
14,715,pherzawl,manipur,0.372523094,0.367828421,2024,196.6753845,98.33769226,27.1296285
9,173,pilibhit,uttar pradesh,1.08366674,1.070569018,2024,286.6461182,57.32922363,29.53445638
5,53,pithoragarh,uttarakhand,0.529439672,0.52105042,2024,872.1541748,87.21541748,9.610316883
24,456,porbandar,gujarat,1.151313512,1.090533531,2024,311.3750305,62.2750061,29.95324707
28,515,potti sriramulu nellore,andhra pradesh,0.963849632,0.884552501,2024,784.2669678,43.5703871,32.6521932
28,517,prakasam,andhra pradesh,0.743786355,0.701413834,2024,1010.478882,42.10328674,32.31115112
8,629,pratapgarh,rajasthan,0.71061665,0.705623444,2024,194.4205933,48.60514832,30.87727865
9,174,pratapgarh,uttar pradesh,1.695708254,1.642559435,2024,281.9967346,46.99945577,31.2667277
9,120,prayagraj,uttar pradesh,2.813838483,2.786492215,2024,346.2694397,49.46706281,31.28701104
34,600,puducherry,puducherry,6.143598518,5.369762245,2024,55.6261673,55.6261673,31.45404243
33,582,pudukkottai,tamil nadu,1.037386728,1.036399697,2024,390.6031799,55.80045428,32.7491862
1,11,pulwama,jammu & kashmir,1.337251025,1.296178701,2024,85.51634979,85.51634979,15.10386658
1,10,punch,jammu & kashmir,0.963361707,0.962802799,2024,268.8533325,53.7706665,19.80024821
27,490,pune,maharashtra,3.347356826,3.112978143,2024,1260.768921,66.35625899,30.27615604
19,306,purba barddhaman,west bengal,1.241922864,1.227433996,2024,711.6997681,79.07775201,30.66043701
19,317,purba medinipur,west bengal,1.95990017,1.918270687,2024,452.5919189,75.43198649,30.3842257
10,213,purbi champaran,bihar,1.623990745,1.557112051,2024,336.3728333,67.27456665,30.72168908
21,369,puri,odisha,1.142677592,1.067774533,2024,242.0481262,60.51203156,29.74631173
10,214,purnia,bihar,1.481416886,1.412366402,2024,202.9818726,67.66062419,30.11834106
19,321,puruliya,west bengal,0.90182007,0.916381953,2024,591.6962891,65.74403212,30.65610962
9,175,raibeareli,uttar pradesh,1.600787493,1.558207673,2024,261.6134644,43.60224406,31.12019602
29,546,raichur,karnataka,0.975341117,0.871444877,2024,543.0048218,45.25040181,32.39319138
22,386,raigarh,chhattisgarh,1.425605176,1.412718799,2024,854.4955444,77.68141313,30.98389227
22,387,raipur,chhattisgarh,4.067030434,3.971487789,2024,237.0650024,79.02166748,31.5997111
23,421,raisen,madhya pradesh,0.885010033,0.871695622,2024,669.916626,55.8263855,30.64686279
22,388,raj nandgaon,chhattisgarh,0.81291144,0.819626609,2024,645.0718994,64.50718994,31.34615956
8,112,raj samand,rajasthan,1.368936835,1.3565965,2024,265.8278809,37.97541155,30.37615289
1,12,rajauri,jammu & kashmir,1.09525397,1.120406996,2024,217.3729248,54.3432312,23.02574615
23,422,rajgarh,madhya pradesh,0.938805178,0.903308404,2024,439.5980835,54.94976044,30.84854804
24,457,rajkot,gujarat,1.849394261,1.751419359,2024,456.9677124,45.69677124,32.05184804
29,631,ramanagaram,karnataka,1.926813481,1.762520372,2024,213.320343,53.33008575,29.56686837
33,583,ramanathapuram,tamil nadu,0.856271669,0.857785801,2024,344.4510498,57.4085083,31.71665785
1,621,ramban,jammu & kashmir,0.892404485,0.915234473,2024,131.3463745,65.67318726,17.17607771
20,607,ramgarh,jharkhand,3.046106562,3.083977711,2024,121.6569901,60.82849503,29.36642795
9,176,rampur,uttar pradesh,1.931125553,1.888293687,2024,259.2522888,51.85045776,29.20422918
20,339,ranchi,jharkhand,2.157008921,2.158608434,2024,509.065979,63.63324738,29.44182811
36,518,rangareddy,telangana,5.111974029,4.667794465,2024,398.162384,56.88034058,30.82019043
33,731,ranippettai,tamil nadu,1.95401671,1.918160415,2024,46.60093307,46.60093307,32.7245309
36,683,ranjanna sircilla,telangana,1.33405958,1.298215137,2024,111.8923492,55.94617462,31.52326747
23,423,ratlam,madhya pradesh,1.230745409,1.193183922,2024,410.8876953,51.36096191,30.63232803
27,492,ratnagiri,maharashtra,0.597967754,0.576654483,2024,1510.082886,137.2802623,29.7861661
21,370,rayagarha,odisha,0.585873103,0.590827582,2024,542.2901611,60.25446235,29.76326207
27,491,raygad,maharashtra,2.415651341,2.339382773,2024,1098.233398,109.8233398,29.8903082
23,424,rewa,madhya pradesh,1.272321682,1.232957185,2024,600.7675171,54.61522883,30.93774414
6,72,rewari,haryana,2.929996656,2.945396931,2024,28.05638885,28.05638885,30.67772675
17,276,riasi,jammu & kashmir,0.823194564,0.884814561,2024,148.520874,74.26043701,20.91786533
1,627,ri-bhoi,meghalaya,0.686036268,0.69139121,2024,406.0635376,135.3545125,26.58320279
6,73,rohtak,haryana,2.67381952,2.703235464,2024,96.60482788,32.20160929,30.60656738
10,215,rohtas,bihar,1.402521439,1.312275087,2024,271.6096497,54.32192993,30.80193278
5,54,rudraprayag,uttarakhand,0.654529207,0.66624268,2024,143.1577454,71.57887268,15.23140621
3,42,rupnagar,punjab,2.210111615,2.178212522,2024,62.28781128,31.14390564,28.54642639
24,458,sabar kantha,gujarat,1.132723661,1.082602542,2024,141.9268646,35.48171616,31.36051941
23,425,sagar,madhya pradesh,0.987996859,0.962647832,2024,862.5402222,61.61001587,30.57947867
9,177,saharanpur,uttar pradesh,2.003448181,1.985611663,2024,311.243927,51.87398783,28.413814
10,216,saharsa,bihar,1.59728841,1.531465184,2024,176.8014374,58.93381246,30.36991692
20,340,sahibganj,jharkhand,0.913200482,0.861593037,2024,231.4560547,57.86401367,29.99006653
15,267,saiha,mizoram,0.389222596,0.374458891,2024,287.4391479,95.81304932,27.5025692
33,584,salem,tamil nadu,1.798005875,1.586987667,2024,411.7946167,58.82780239,31.30532034
10,217,samastipur,bihar,1.849834366,1.784632021,2024,189.5785217,47.39463043,30.60415904
1,624,samba,jammu & kashmir,2.912238515,2.827579567,2024,47.35911179,47.35911179,27.73933716
21,371,sambalpur,odisha,1.063816587,1.009372627,2024,961.0217285,87.36561168,31.18845331
9,659,sambhal,uttar pradesh,1.471391667,1.458710916,2024,185.7790985,46.44477463,29.77051392
36,691,sangareddy,telangana,2.554484835,2.32927269,2024,314.6670532,62.93341064,30.79057121
27,493,sangli,maharashtra,1.163751357,1.073205019,2024,728.8039551,66.25490501,30.81660679
3,43,sangrur,punjab,1.99039606,1.965066691,2024,174.5933075,24.94190107,30.0996352
9,178,santkabirnagar,uttar pradesh,1.518353109,1.540242859,2024,164.7982788,54.9327596,30.78483073
20,341,saraikela-kharsawan,jharkhand,1.737600725,1.745758047,2024,153.7698517,51.25661723,30.45185735
10,218,saran,bihar,2.005747011,1.92040143,2024,239.9782715,47.9956543,30.83948975
3,608,sas nagar (sahibzada ajit singh nagar),punjab,7.878133152,7.71857005,2024,26.9352169,26.9352169,28.86945152
27,494,satara,maharashtra,1.035665513,0.974444198,2024,1097.473999,68.59212494,29.9865361
23,426,satna,madhya pradesh,1.26711681,1.255009624,2024,545.1533813,49.5593983,30.77474239
8,113,sawai madhopur,rajasthan,0.978344131,0.947532614,2024,332.7941895,47.54202706,31.42659505
23,427,sehore,madhya pradesh,0.966178238,0.961726688,2024,468.122467,58.51530838,30.64492289
14,257,senapati,manipur,0.474812026,0.469979164,2024,203.2692261,101.634613,23.06576538
23,428,seoni,madhya pradesh,0.660301804,0.646950292,2024,966.6842041,74.36032339,30.38739014
16,653,sepahijala,tripura,1.154925565,1.135323803,2024,99.70080566,99.70080566,30.02162933
15,268,serchhip,mizoram,0.427156569,0.403967392,2024,179.8628845,89.93144226,26.54039001
7,671,shahadra,delhi,44.52308068,44.1315901,2024,42.06635284,42.06635284,30.09608841
23,429,shahdol,madhya pradesh,0.818191143,0.822525514,2024,471.8640137,58.98300171,30.04088713
3,40,shahid bhagat singh nagar,punjab,2.0321927,2.00107465,2024,28.89740944,28.89740944,29.47791835
9,180,shahjahanpur,uttar pradesh,1.400459624,1.384030714,2024,391.5592651,48.94490814,30.07273211
23,430,shajapur,madhya pradesh,0.955045257,0.933652886,2024,286.3843079,57.27686157,30.49848502
9,660,shamli,uttar pradesh,1.939022166,1.922594721,2024,39.51311111,39.51311111,29.56140137
10,219,sheikhpura,bihar,1.869997717,1.854194832,2024,41.41628647,41.41628647,30.59094493
10,220,sheohar,bihar,1.510320024,1.451493948,2024,56.77293015,56.77293015,30.6854187
23,431,sheopur,madhya pradesh,0.630093121,0.62625104,2024,444.8200684,55.60250854,30.85695975
12,725,shi yomi,arunachal pradesh,0.296289377,0.27835977,2024,616.8953857,123.3790771,12.62594604
2,23,shimla,himachal pradesh,0.6170157,0.640590377,2024,495.1152344,55.01280382,15.92893982
29,547,shivamogga,karnataka,0.794404926,0.726991016,2024,1256.904053,104.7420044,28.65056864
23,432,shivpuri,madhya pradesh,0.802906623,0.760945239,2024,1001.563354,62.59770966,30.53450061
9,181,shrawasti,uttar pradesh,1.057515987,1.050506329,2024,181.5674438,60.52248128,29.58220863
1,625,shupiyan,jammu & kashmir,0.928534885,0.945593576,2024,124.9031677,124.9031677,14.34805679
12,679,siang,arunachal pradesh,0.351399765,0.333194611,2024,781.5778809,156.3155762,20.22952779
18,300,sibsagar,assam,1.280287491,1.376268091,2024,232.9329529,116.4664764,28.19445365
9,182,siddharthnagar,uttar pradesh,1.260107838,1.386936274,2024,196.4331665,65.47772217,30.38062541
36,692,siddipet,telangana,1.428729525,1.354953406,2024,228.1407318,57.03518295,31.30744817
23,433,sidhi,madhya pradesh,0.913400855,0.886913995,2024,402.0055237,57.42936053,30.34291705
8,114,sikar,rajasthan,1.416784806,1.390456702,2024,312.280304,28.38911854,31.10643592
20,342,simdega,jharkhand,0.528580196,0.538477444,2024,486.5697021,60.82121277,30.31217194
27,495,sindhudurg,maharashtra,0.534941511,0.503733148,2024,1315.76416,146.1960178,29.58491067
23,638,singrauli,madhya pradesh,1.533887817,1.476264437,2024,406.8088379,58.11554827,30.27052116
2,24,sirmaur,himachal pradesh,0.822665436,0.846761035,2024,327.3011475,65.46022949,24.13712616
8,115,sirohi,rajasthan,0.990872418,0.955621941,2024,198.4617615,24.80772018,31.32261029
6,74,sirsa,haryana,1.449720394,1.463631841,2024,83.47642517,13.91273753,31.51154785
10,221,sitamarhi,bihar,1.584979127,1.539845311,2024,175.4202881,58.47342936,30.66899278
9,183,sitapur,uttar pradesh,1.243416455,1.237880606,2024,481.4567261,53.49519179,30.3171285
33,585,sivaganga,tamil nadu,0.969018586,0.969675603,2024,175.8396759,58.6132253,33.17770996
10,222,siwan,bihar,1.602927886,1.543495755,2024,168.4888763,56.16295878,30.91521835
2,25,solan,himachal pradesh,1.848830246,1.870513172,2024,104.9963455,34.99878184,25.90689697
27,496,solapur,maharashtra,1.518465628,1.381652569,2024,1360.494629,61.84066495,32.2137639
9,184,sonbhadra,uttar pradesh,1.173944396,1.114002448,2024,502.3017883,62.78772354,30.47591824
6,75,sonipat,haryana,3.488349867,3.481906234,2024,115.6617508,38.55391693,30.10685591
18,301,sonitpur,assam,0.911500062,0.88947326,2024,345.0562134,115.0187378,27.55208079
7,83,south,delhi,20.81762802,20.58833821,2024,42.50848389,42.50848389,30.4981041
11,227,south,sikkim,0.743920026,0.686481598,2024,193.2966919,193.2966919,18.8345108
35,602,south andaman,andaman & nicobar,0.398396622,0.34182242,2024,390.9403076,97.7350769,28.577036
7,670,south east,delhi,36.33942356,36.32319811,2024,42.50848389,42.50848389,30.38107491
17,277,south garo hills,meghalaya,0.542472603,0.52109647,2024,385.8968506,128.6322835,27.81495013
30,552,south goa,goa,1.750912633,1.571718673,2024,479.5332947,159.8444316,29.08499527
18,707,south salmara mancachar,assam,0.982441656,0.948358286,2024,113.4630508,113.4630508,29.36987305
16,271,south tripura,tripura,0.865796979,0.794975428,2024,85.05630493,85.05630493,30.04341507
19,304,south twenty-four parganas,west bengal,1.462964652,1.402236865,2024,823.163208,74.83301891,29.6358713
7,84,south west,delhi,18.26726204,18.14069573,2024,39.27446365,39.27446365,30.58689117
17,663,south west garo hills,meghalaya,0.897167599,0.887575265,2024,82.98876953,82.98876953,29.04638672
17,658,south west khasi hills,meghalaya,0.472767692,0.460318133,2024,331.3753357,165.6876678,25.39485168
3,39,sri muktsar sahib,punjab,1.54812086,1.526026548,2024,56.15103912,18.71701304,30.94727478
28,519,srikakulam,andhra pradesh,0.952187893,0.895616114,2024,527.2751465,52.72751465,30.65303733
1,13,srinagar,jammu & kashmir,8.085372465,7.699391645,2024,91.18547058,91.18547058,15.15391922
27,483,sub urban mumbai,maharashtra,27.72997047,26.19802196,2024,69.04328918,69.04328918,29.56499863
21,372,subarnapur,odisha,0.776540923,0.767010921,2024,274.9119873,68.72799683,31.86921105
22,642,sukma,chhattisgarh,0.440328791,0.447143242,2024,555.5623779,79.36605399,31.80292087
9,185,sultanpur,uttar pradesh,1.882933538,1.867141779,2024,206.7581329,51.68953323,30.87313588
21,373,sundargarh,odisha,1.318357246,1.317192338,2024,989.1171875,76.0859375,30.69738566
10,223,supaul,bihar,1.322773414,1.257174859,2024,198.8106995,66.27023315,30.27210808
22,648,surajpur,chhattisgarh,0.782594314,0.788327887,2024,530.1219482,66.26524353,29.68197471
24,459,surat,gujarat,4.564079813,4.387294059,2024,227.9656982,56.99142456,30.84889603
24,460,surendranagar,gujarat,1.043041553,0.985805381,2024,444.3031006,40.39119096,33.43684823
22,389,surguja,chhattisgarh,0.91017902,0.858294878,2024,347.7935486,69.55870972,29.36057458
36,696,suryapet,telangana,1.318154071,1.225453804,2024,324.4564209,54.07607015,32.73234419
14,258,tamenglong,manipur,0.393712987,0.386052052,2024,402.9969177,80.59938354,25.47557831
24,641,tapi,gujarat,0.930711373,0.896611015,2024,360.3260498,60.05434163,31.23754011
3,609,tarn taran,punjab,2.344822395,2.290916902,2024,140.4369812,28.08739624,29.99495544
12,238,tawang,arunachal pradesh,0.398455881,0.378121109,2024,438.6469727,87.72939453,9.991655986
5,55,tehri garhwal,uttarakhand,0.839381289,0.870206751,2024,526.8910522,75.27015032,17.89646742
14,716,tengnoupal,manipur,0.464013766,0.460971721,2024,166.8423615,83.42118073,27.57415581
33,588,teni,tamil nadu,0.894637389,0.870619674,2024,176.3206482,58.7735494,29.14577692
33,733,tenkasi,tamil nadu,1.224343406,1.267296446,2024,168.5197449,56.17324829,31.23874512
27,497,thane,maharashtra,4.709264562,4.438044301,2024,591.5940552,98.5990092,30.43029785
33,586,thanjavur,tamil nadu,1.435457437,1.408178653,2024,284.8288879,56.96577759,32.86159406
32,565,thiruvananthapuram,kerala,2.845981647,2.661531254,2024,323.2424927,107.7474976,29.52693367
33,590,thiruvarur,tamil nadu,1.193635323,1.214577844,2024,119.5178223,59.75891113,31.71945468
14,259,thoubal,manipur,1.346441987,1.256403902,2024,64.52452087,64.52452087,26.02452469
23,434,tikamgarh,madhya pradesh,0.94815802,0.902221478,2024,428.8059387,61.25799125,30.99933879
18,302,tinsukia,assam,1.717580943,1.874353461,2024,648.8259277,108.1376546,27.6080889
12,239,tirap,arunachal pradesh,0.458771115,0.429693644,2024,119.4252014,119.4252014,24.81966291
33,591,tiruchirapalli,tamil nadu,1.905237338,1.816553947,2024,286.957489,47.82624817,32.79965389
33,592,tirunelveli,tamil nadu,1.617438432,1.633264415,2024,333.4980469,55.58300781,31.41164653
33,732,tiruppattur,tamil nadu,1.421031678,1.31393144,2024,161.893631,53.96454366,31.27601793
33,634,tiruppur,tamil nadu,1.985568432,1.901891575,2024,374.5786133,46.82232666,30.94713593
33,589,tiruvallur,tamil nadu,3.783333017,3.488518728,2024,157.5286255,52.50954183,32.27684784
33,593,tiruvannamalai,tamil nadu,1.130576526,1.101573441,2024,373.994812,53.42783029,31.97059801
8,116,tonk,rajasthan,0.817698518,0.783287759,2024,455.7518921,45.57518921,31.69846889
32,566,trissur,kerala,1.687314132,1.453732609,2024,263.0982361,131.549118,29.58264414
13,249,tuensang,nagaland,0.41601467,0.409523991,2024,331.8449402,110.6149801,22.50311957
29,548,tumakuru,karnataka,1.298841336,1.233792063,2024,649.90625,54.15885417,30.04941533
33,594,tuticorin,tamil nadu,1.455173194,1.481996937,2024,410.4959717,51.31199646,31.96814982
8,117,udaipur,rajasthan,1.111536303,1.076817047,2024,566.3114624,33.31243896,30.52443375
18,617,udalguri,assam,0.719382853,0.714819756,2024,350.3041687,116.7680562,26.83341841
5,56,udham singh nagar,uttarakhand,2.967351878,2.900635312,2024,271.3978882,54.27957764,28.66462708
1,14,udhampur,jammu & kashmir,1.033150662,1.066985358,2024,200.7780151,66.92600505,21.12735596
29,549,udupi,karnataka,0.783766536,0.726498691,2024,817.0126343,163.4025269,28.80186244
23,435,ujjain,madhya pradesh,1.440795788,1.394745481,2024,361.8129272,51.68756104,30.40431615
14,260,ukhrul,manipur,0.429948298,0.421807841,2024,240.4896088,80.16320292,23.55014593
23,436,umaria,madhya pradesh,0.691262983,0.691091388,2024,491.9024353,61.48780441,30.13797433
2,26,una,himachal pradesh,1.216949593,1.2570741,2024,109.6777649,54.83888245,27.99186925
9,186,unnao,uttar pradesh,1.476317212,1.456113991,2024,286.8171997,47.80286662,30.93139648
16,655,unokoti,tripura,0.929708359,0.922025826,2024,88.85574341,88.85574341,29.6182373
12,240,upper siang,arunachal pradesh,0.316615753,0.303990134,2024,1748.2229,194.2469889,15.39012364
12,241,upper subansiri,arunachal pradesh,0.325934906,0.310375832,2024,981.5114746,122.6889343,14.73078265
27,488,usmanabad,maharashtra,0.940073106,0.869512202,2024,759.9319458,63.32766215,31.58799943
22,381,uttar bastar kanker,chhattisgarh,0.548352753,0.548373724,2024,579.0604858,64.34005398,31.02707636
19,311,uttar dinajpur,west bengal,1.383281685,1.314306285,2024,411.7113342,82.34226685,29.82911054
29,550,uttara kannada,karnataka,0.537160432,0.497570501,2024,1469.700317,113.0538706,28.80053946
5,57,uttarkashi,uttarakhand,0.499171234,0.504173143,2024,744.9000244,62.07500203,8.660006104
24,461,vadodara,gujarat,3.842620194,3.721483276,2024,371.5421753,61.92369588,32.47547404
10,224,vaishali,bihar,2.318676302,2.22884382,2024,188.4704895,47.11762238,30.75103149
24,462,valsad,gujarat,2.038335093,1.9298291,2024,273.1171875,68.27929688,30.01789739
9,187,varanasi,uttar pradesh,5.423874975,5.180405763,2024,165.9932098,41.49830246,31.10033417
33,595,vellore,tamil nadu,1.686976343,1.643869534,2024,191.6506195,47.91265488,31.56765747
23,437,vidisha,madhya pradesh,0.818006062,0.811265617,2024,576.0532227,57.60532227,30.53069747
29,530,vijayapura,karnataka,0.961507974,0.862233903,2024,868.6121216,62.04372297,32.24562073
36,698,vikarabad,telangana,1.197165083,1.069548163,2024,344.6546021,68.93092041,30.77266947
33,596,villupuram,tamil nadu,1.491384572,1.450209371,2024,354.2592163,59.04320272,31.66298676
33,597,virudhunagar,tamil nadu,1.312599797,1.319301709,2024,285.4011841,57.08023682,32.89491781
28,520,visakhapatnam,andhra pradesh,1.288207403,1.255140967,2024,1158.356445,72.39727783,29.63258743
28,521,vizianagaram,andhra pradesh,0.813559813,0.778516539,2024,507.6993103,63.46241379,30.62805731
36,693,wanaparthy,telangana,1.231018034,1.082076126,2024,141.1990051,47.06633504,32.14855279
36,522,warangal (rural),telangana,1.234327377,1.122018068,2024,164.6003876,54.86679586,32.26016846
36,686,warangal (urban),telangana,2.583489512,2.365800039,2024,112.5716095,56.28580475,32.20747811
27,498,wardha,maharashtra,1.039179909,0.919361814,2024,409.3036194,58.47194563,32.02641027
27,499,washim,maharashtra,0.883026931,0.788449125,2024,338.3879395,56.39798991,31.5472819
32,567,wayanad,kerala,0.698479928,0.638236756,2024,199.1669159,99.58345795,27.31555367
11,228,west,delhi,35.29656112,34.79835966,2024,371.4390259,185.7195129,16.93245443
7,85,west,sikkim,0.495422876,0.466120477,2024,37.77481842,37.77481842,30.3515625
17,278,west garo hills,meghalaya,0.648733312,0.647373801,2024,452.7389832,113.1847458,28.77827037
28,523,west godavari,andhra pradesh,1.116049605,1.060852021,2024,752.9535522,68.45032293,31.99271139
17,275,west jaintia hills,meghalaya,0.56055525,0.562062349,2024,493.7243652,164.5747884,25.39223056
12,242,west kameng,arunachal pradesh,0.408091327,0.398601669,2024,1244.414063,177.7734375,16.57113865
18,710,west karbi anglong,assam,0.490690863,0.496440076,2024,774.0124512,129.0020752,27.60169289
17,279,west khasi hills,meghalaya,0.465585581,0.453093702,2024,1014.670166,169.1116943,25.21609243
23,414,west nimar,madhya pradesh,0.826746557,0.782758726,2024,617.3309326,61.73309326,31.34915771
12,243,west siang,arunachal pradesh,0.409162893,0.381483685,2024,158.5631561,158.5631561,21.71444511
20,343,west singhbhum,jharkhand,0.829963662,0.844648287,2024,422.3951111,52.79938889,30.0998477
16,272,west tripura,tripura,2.327024424,2.306306298,2024,180.477478,90.23873901,29.84992981
13,250,wokha,nagaland,0.570544486,0.571266498,2024,241.0726624,80.35755412,26.18129839
28,504,y s r kadapa,andhra pradesh,0.719040146,0.689780533,2024,768.5262451,34.93301114,33.46221401
36,697,yadadri bhuvanagiri,telangana,1.577318853,1.519129948,2024,104.0406342,52.02031708,31.74538715
29,635,yadgir,karnataka,0.832308785,0.745493351,2024,349.6903687,58.28172811,32.06666395
6,76,yamunanagar,haryana,2.401553789,2.392370883,2024,154.8889923,51.6296641,28.66796494
34,601,yanam,puducherry,9.965900026,9.725668259,2024,64.07652283,64.07652283,30.13870049
27,500,yavatmal,maharashtra,0.880123513,0.787659502,2024,1185.449951,59.27249756,32.1462911
13,251,zunheboto,nagaland,0.509772284,0.515051578,2024,219.8623352,109.9311676,24.07426283
